{"count":1,"self":305.0173952,"total":305.517931,"children":{"InitializeActuators":{"count":1,"self":0.001269,"total":0.001269,"children":null},"InitializeSensors":{"count":1,"self":0.0010019999999999999,"total":0.0010019999999999999,"children":null},"AgentSendState":{"count":13747,"self":0.02214,"total":0.030834999999999998,"children":{"CollectObservations":{"count":15,"self":0.000426,"total":0.000426,"children":null},"WriteActionMask":{"count":15,"self":0.00023899999999999998,"total":0.00023899999999999998,"children":null},"RequestDecision":{"count":15,"self":0.0080299999999999989,"total":0.0080299999999999989,"children":null}}},"DecideAction":{"count":13747,"self":0.075173999999999991,"total":0.075173999999999991,"children":null},"AgentAct":{"count":13747,"self":0.391578,"total":0.391578,"children":null}},"gauges":{"RLModel.CumulativeReward":{"count":2,"max":9.769615,"min":2.922417,"runningAverage":6.346016,"value":9.769615,"weightedAverage":4.63421631}},"metadata":{"timer_format_version":"0.1.0","start_time_seconds":"1749040773","unity_version":"6000.0.25f1","command_line_arguments":"\/mnt\/Dane\/Projekty\/Unity\/6000.0.25f1\/Editor\/Unity -projectpath \/mnt\/Różne\/Unity\/AI_DDA -useHub -hubIPC -cloudEnvironment production","communication_protocol_version":"1.5.0","com.unity.ml-agents_version":"3.0.0","scene_name":"Title","end_time_seconds":"1749041079"}}