{"count":1,"self":483.62373119999995,"total":484.13483499999995,"children":{"InitializeActuators":{"count":1,"self":0.001227,"total":0.001227,"children":null},"InitializeSensors":{"count":1,"self":0.0011309999999999998,"total":0.0011309999999999998,"children":null},"AgentSendState":{"count":22748,"self":0.040884,"total":0.050109999999999995,"children":{"CollectObservations":{"count":47,"self":0.00052399999999999994,"total":0.00052399999999999994,"children":null},"WriteActionMask":{"count":47,"self":0.000266,"total":0.000266,"children":null},"RequestDecision":{"count":47,"self":0.0084359999999999991,"total":0.0084359999999999991,"children":null}}},"DecideAction":{"count":22748,"self":0.144267,"total":0.144267,"children":null},"AgentAct":{"count":22748,"self":0.313662,"total":0.313662,"children":null}},"gauges":{"RLModel.CumulativeReward":{"count":4,"max":19.6140823,"min":2.8544023,"runningAverage":11.4411144,"value":13.6190052,"weightedAverage":9.647416}},"metadata":{"timer_format_version":"0.1.0","start_time_seconds":"1747037675","unity_version":"6000.0.25f1","command_line_arguments":"\/mnt\/Dane\/Projekty\/Unity\/6000.0.25f1\/Editor\/Unity -projectpath \/mnt\/Różne\/Unity\/AI_DDA -useHub -hubIPC -cloudEnvironment production","communication_protocol_version":"1.5.0","com.unity.ml-agents_version":"3.0.0","scene_name":"Tutorial","end_time_seconds":"1747038160"}}