{"count":1,"self":591.3992704,"total":591.91062,"children":{"InitializeActuators":{"count":1,"self":0.00099399999999999987,"total":0.00099399999999999987,"children":null},"InitializeSensors":{"count":1,"self":0.000978,"total":0.000978,"children":null},"AgentSendState":{"count":13503,"self":0.020328,"total":0.028627,"children":{"CollectObservations":{"count":17,"self":0.000299,"total":0.000299,"children":null},"WriteActionMask":{"count":17,"self":0.00017999999999999998,"total":0.00017999999999999998,"children":null},"RequestDecision":{"count":17,"self":0.0078199999999999988,"total":0.0078199999999999988,"children":null}}},"DecideAction":{"count":13503,"self":0.073905,"total":0.073905,"children":null},"AgentAct":{"count":13503,"self":0.40649599999999997,"total":0.40649599999999997,"children":null}},"gauges":{"RLModel.CumulativeReward":{"count":2,"max":10.5047884,"min":5.82985449,"runningAverage":8.167321,"value":10.5047884,"weightedAverage":6.998588}},"metadata":{"timer_format_version":"0.1.0","start_time_seconds":"1756840208","unity_version":"6000.0.25f1","command_line_arguments":"\/mnt\/Dane\/Projekty\/Unity\/6000.0.25f1\/Editor\/Unity -projectpath \/mnt\/Różne\/Unity\/AI_DDA -useHub -hubIPC -cloudEnvironment production","communication_protocol_version":"1.5.0","com.unity.ml-agents_version":"3.0.0","scene_name":"Tutorial","end_time_seconds":"1756840800"}}