{"count":1,"self":332.5758464,"total":354.38255699999996,"children":{"InitializeActuators":{"count":2,"self":0.0016829999999999998,"total":0.0016829999999999998,"children":null},"InitializeSensors":{"count":2,"self":0.0013189999999999999,"total":0.0013189999999999999,"children":null},"AgentSendState":{"count":3951,"self":0.005203,"total":0.144668,"children":{"CollectObservations":{"count":356,"self":0.137421,"total":0.137421,"children":null},"WriteActionMask":{"count":356,"self":0.000423,"total":0.000423,"children":null},"RequestDecision":{"count":356,"self":0.0016209999999999998,"total":0.0016209999999999998,"children":null}}},"DecideAction":{"count":3951,"self":0.0075039999999999994,"total":0.0075039999999999994,"children":null},"AgentAct":{"count":3951,"self":21.651513599999998,"total":21.651514,"children":null}},"gauges":{},"metadata":{"timer_format_version":"0.1.0","start_time_seconds":"1739989261","unity_version":"6000.0.25f1","command_line_arguments":"\/mnt\/Dane\/Projekty\/Unity\/6000.0.25f1\/Editor\/Unity -projectpath \/mnt\/Różne\/Unity\/AI_DDA -useHub -hubIPC -cloudEnvironment production","communication_protocol_version":"1.5.0","com.unity.ml-agents_version":"3.0.0","scene_name":"Tutorial","end_time_seconds":"1739989615"}}