{"count":1,"self":450.1501952,"total":450.363562,"children":{"InitializeActuators":{"count":1,"self":0.0011489999999999998,"total":0.0011489999999999998,"children":null},"InitializeSensors":{"count":1,"self":0.001023,"total":0.001023,"children":null},"AgentSendState":{"count":22085,"self":0.041521999999999996,"total":0.042551,"children":{"CollectObservations":{"count":1,"self":4.9999999999999996E-06,"total":4.9999999999999996E-06,"children":null},"WriteActionMask":{"count":1,"self":0.00044699999999999997,"total":0.00044699999999999997,"children":null},"RequestDecision":{"count":1,"self":0.00057699999999999993,"total":0.00057699999999999993,"children":null}}},"DecideAction":{"count":22085,"self":0.12709099999999998,"total":0.12709099999999998,"children":null},"AgentAct":{"count":22085,"self":0.040822,"total":0.040822,"children":null}},"gauges":{"RLModel.CumulativeReward":{"count":2,"max":0.9,"min":0,"runningAverage":0.45,"value":0.9,"weightedAverage":0.225}},"metadata":{"timer_format_version":"0.1.0","start_time_seconds":"1744955333","unity_version":"6000.0.25f1","command_line_arguments":"\/mnt\/Dane\/Projekty\/Unity\/6000.0.25f1\/Editor\/Unity -projectpath \/mnt\/Różne\/Unity\/AI_DDA -useHub -hubIPC -cloudEnvironment production","communication_protocol_version":"1.5.0","com.unity.ml-agents_version":"3.0.0","scene_name":"Tutorial","end_time_seconds":"1744955783"}}