{"count":1,"self":85.945318399999991,"total":85.979503999999991,"children":{"InitializeActuators":{"count":1,"self":0.0012799999999999999,"total":0.0012799999999999999,"children":null},"InitializeSensors":{"count":1,"self":0.000982,"total":0.000982,"children":null},"AgentSendState":{"count":3393,"self":0.003763,"total":0.011972,"children":{"CollectObservations":{"count":2,"self":0.00032399999999999996,"total":0.00032399999999999996,"children":null},"WriteActionMask":{"count":2,"self":0.000173,"total":0.000173,"children":null},"RequestDecision":{"count":2,"self":0.0077119999999999992,"total":0.0077119999999999992,"children":null}}},"DecideAction":{"count":3393,"self":0.015125999999999999,"total":0.015125999999999999,"children":null},"AgentAct":{"count":3393,"self":0.0041449999999999994,"total":0.0041449999999999994,"children":null}},"gauges":{},"metadata":{"timer_format_version":"0.1.0","start_time_seconds":"1740824813","unity_version":"6000.0.25f1","command_line_arguments":"\/mnt\/Dane\/Projekty\/Unity\/6000.0.25f1\/Editor\/Unity -projectpath \/mnt\/Różne\/Unity\/AI_DDA -useHub -hubIPC -cloudEnvironment production","communication_protocol_version":"1.5.0","com.unity.ml-agents_version":"3.0.0","scene_name":"Tutorial","end_time_seconds":"1740824898"}}