{"count":1,"self":111.4672384,"total":111.50772099999999,"children":{"InitializeActuators":{"count":1,"self":0.00129,"total":0.00129,"children":null},"InitializeSensors":{"count":1,"self":0.0010559999999999999,"total":0.0010559999999999999,"children":null},"AgentSendState":{"count":4354,"self":0.0090219999999999988,"total":0.0090219999999999988,"children":null},"DecideAction":{"count":4354,"self":0.024999999999999998,"total":0.024999999999999998,"children":null},"AgentAct":{"count":4354,"self":0.0037619999999999997,"total":0.0037619999999999997,"children":null}},"gauges":{},"metadata":{"timer_format_version":"0.1.0","start_time_seconds":"1745094822","unity_version":"6000.0.25f1","command_line_arguments":"\/mnt\/Dane\/Projekty\/Unity\/6000.0.25f1\/Editor\/Unity -projectpath \/mnt\/Różne\/Unity\/AI_DDA","communication_protocol_version":"1.5.0","com.unity.ml-agents_version":"3.0.0","scene_name":"Tutorial","end_time_seconds":"1745094933"}}