{"count":1,"self":197.8343424,"total":197.951237,"children":{"InitializeActuators":{"count":1,"self":0.0013089999999999998,"total":0.0013089999999999998,"children":null},"InitializeSensors":{"count":1,"self":0.0012779999999999998,"total":0.0012779999999999998,"children":null},"AgentSendState":{"count":9077,"self":0.014667999999999999,"total":0.014667999999999999,"children":null},"DecideAction":{"count":9077,"self":0.043380999999999996,"total":0.043380999999999996,"children":null},"AgentAct":{"count":9077,"self":0.055848999999999996,"total":0.055848999999999996,"children":null}},"gauges":{"RLModel.CumulativeReward":{"count":1,"max":0,"min":0,"runningAverage":0,"value":0,"weightedAverage":0}},"metadata":{"timer_format_version":"0.1.0","start_time_seconds":"1754247587","unity_version":"6000.0.25f1","command_line_arguments":"\/mnt\/Dane\/Projekty\/Unity\/6000.0.25f1\/Editor\/Unity -projectpath \/mnt\/Różne\/Unity\/AI_DDA -useHub -hubIPC -cloudEnvironment production","communication_protocol_version":"1.5.0","com.unity.ml-agents_version":"3.0.0","scene_name":"Tutorial","end_time_seconds":"1754247785"}}